Molarity (mol/L),Mole % LiPF6,Mole % EC,Mole % EMC
0,0,0.228119385,0.771880615
0.6,0.05371823,0.215865215,0.730416555
0.8,0.070364357,0.212067911,0.717567732
1,0.086434961,0.208401895,0.705163145
1.2,0.101959382,0.204860473,0.693180145
1.4,0.116964999,0.201437401,0.6815976
1.8,0.145520483,0.194923342,0.659556175
