Molarity (mol/L),Mole % LiPF6,Mole % EC,Mole % EMC
0,0,0.73392555,0.26607445
0.6,0.043329561,0.702124878,0.254545561
0.8,0.056950205,0.692128339,0.250921456
1,0.070188445,0.682412457,0.247399098
1.2,0.083060161,0.672965575,0.243974263
1.4,0.095580368,0.663776676,0.240642956
1.8,0.119622317,0.646131675,0.234246008
